From,to,value,processing time in seconds
TND,USD,,00:01:24.2102905
TND,USD,"0,32",00:01:54.9588483
TND,EUR,"0,31",00:02:25.1423183
TND,MYR,"1,42",00:02:54.2006770
TND,GBP,"0,26",00:03:24.1187368
